day,side,reason,vix1d,regime,entry_et,exit_et,short,D_entry,pmkt_entry,D_exit,pmkt_exit,actual_pnl,held_pnl,touched_after_exit,settle_beyond
2024-12-17,c,sr_inner_breach,8.35,calm,10:16,10:58,6065.0,1.865,0.8264,1.605,0.7758,-525,1012.5,0,1
2024-12-17,p,sr_inner_breach,8.35,calm,11:47,11:53,6035.0,1.825,0.7071,1.718,0.6786,-225,862.5,0,1
2024-12-18,p,risk_off_reversal,12.86,mid,10:10,11:19,6005.0,2.554,0.8405,2.756,0.8866,300,-57562.5,1,0
2025-01-07,c,expiration,11.77,mid,11:37,16:01,5980.0,2.406,0.9309,,,2212.5,2212.5,0,1
2025-01-13,p,expiration,16.02,elevated,14:44,16:01,5805.0,2.113,0.7878,,,1312.5,1312.5,0,1
2025-01-14,c,risk_off_reversal,16.41,elevated,11:13,13:28,5880.0,2.342,0.9234,2.318,0.9142,674.9999999999998,1612.5,0,1
2025-01-17,p,expiration,13.57,mid,11:11,16:02,5960.0,2.242,0.8011,,,1387.5,1387.5,0,1
2025-01-22,p,risk_off_reversal,10.63,calm,10:20,11:13,6055.0,2.167,0.7703,2.13,0.7775,-299.9999999999998,1612.5,0,1
2025-01-23,p,expiration,9.63,calm,10:49,16:02,6055.0,2.383,0.823,,,1162.5,1162.5,0,1
2025-01-24,c,sr_inner_breach,9.22,calm,10:18,11:34,6140.0,1.539,0.7395,1.602,0.7745,300,1837.5,0,1
2025-01-27,p,risk_off_reversal,8.69,calm,10:39,10:49,5960.0,4.068,0.9781,3.773,0.9677,-450.00000000000045,1912.5,0,1
2025-01-28,p,expiration,14.1,mid,11:32,16:01,5990.0,2.476,0.846,,,1387.5,1387.5,0,1
2025-01-30,c,risk_off_reversal,17.07,elevated,10:35,11:51,6090.0,1.392,0.6983,1.441,0.7236,450,1762.5,0,1
2025-01-31,p,risk_off_reversal,14.55,mid,10:07,13:20,6055.0,2.266,0.7867,2.924,0.9142,-75.00000000000023,-20632.5,1,0
2025-01-31,c,expiration,14.55,mid,14:39,16:01,6090.0,3.013,0.9695,,,1837.5,1837.5,0,1
2025-02-03,p,expiration,17.23,elevated,12:00,16:01,5930.0,2.988,0.9169,,,2287.4999999999995,2287.5,0,1
2025-02-04,p,expiration,18.14,elevated,10:29,16:03,5975.0,1.82,0.6901,,,2662.5,2662.5,0,1
2025-02-05,c,risk_off_reversal,14.82,elevated,10:09,11:11,6055.0,1.764,0.7988,1.134,0.6103,-1125,-8197.5,1,0
2025-02-05,p,expiration,14.82,elevated,11:36,16:02,5995.0,1.982,0.7462,,,1387.5,1387.5,0,1
2025-02-06,c,sr_inner_breach,11.34,mid,10:49,11:14,6095.0,1.88,0.8419,1.202,0.6378,-1275.0000000000005,1987.5,0,1
2025-02-10,p,risk_off_reversal,16.02,elevated,10:16,11:21,6015.0,1.921,0.7115,1.985,0.7454,75,1537.5,0,1
2025-02-11,p,risk_off_reversal,11.47,mid,10:33,12:04,6020.0,2.295,0.8011,2.402,0.8358,450,1987.5,0,1
2025-02-12,p,risk_off_reversal,13.6,mid,10:39,11:13,5990.0,2.752,0.8788,1.952,0.7365,-2100.0000000000005,1237.5,0,1
2025-02-13,p,expiration,12.25,mid,10:19,16:02,6025.0,2.866,0.8881,,,1612.5000000000002,1612.5,0,1
2025-02-18,c,sr_inner_breach,11.15,mid,13:35,13:52,6130.0,1.557,0.7509,1.47,0.7197,-150,862.5,0,1
2025-02-19,p,expiration,9.06,calm,10:41,16:01,6085.0,2.58,0.8539,,,1012.5,1012.5,0,1
2025-02-21,c,expiration,10.68,calm,10:24,16:02,6125.0,2.34,0.914,,,1912.5,1912.5,0,1
2025-02-25,c,risk_off_reversal,15.6,elevated,10:08,12:39,6010.0,2.663,0.9456,3.109,0.9804,1575,2212.5,0,1
2025-02-26,p,risk_off_reversal,14.71,elevated,10:51,12:00,5955.0,2.159,0.7797,2.045,0.7632,-974.9999999999995,2137.5,1,1
2025-02-28,p,risk_off_reversal,19.65,elevated,10:12,11:30,5805.0,2.468,0.827,2.633,0.8709,-675.0000000000005,2662.5,0,1
2025-03-03,c,expiration,17.84,elevated,10:19,16:00,5995.0,2.306,0.9075,,,3037.5000000000005,3037.5,0,1
2025-03-04,c,risk_off_reversal,22.14,elevated,10:11,11:59,5845.0,2.78,0.9555,2.734,0.9602,225.00000000000045,3187.5,1,1
2025-03-04,p,risk_off_reversal,22.14,elevated,14:02,15:40,5760.0,3.341,0.9515,5.662,0.9992,1125,1987.5,1,1
2025-03-05,c,risk_off_reversal,24.69,elevated,11:21,12:00,5840.0,2.562,0.9466,1.854,0.8377,-2250,1687.5,1,0
2025-03-05,p,expiration,24.69,elevated,13:52,16:03,5750.0,2.901,0.9129,,,2287.5000000000005,2287.5,0,1
2025-03-06,p,risk_off_reversal,21.9,elevated,10:23,11:53,5705.0,2.859,0.8892,2.138,0.7839,-2774.9999999999995,3037.5,0,1
2025-03-06,c,risk_off_reversal,21.9,elevated,13:03,14:49,5825.0,3.915,0.9965,5.288,0.9998,525.0000000000009,2512.5,0,1
2025-03-10,c,risk_off_reversal,24.37,elevated,10:09,11:37,5765.0,2.774,0.9545,3.104,0.9804,674.9999999999995,3262.5,0,1
2025-03-11,c,risk_off_reversal,28.46,elevated,10:27,14:22,5670.0,2.554,0.9386,3.321,0.9834,1650.0000000000005,3262.5,0,1
2025-03-12,c,risk_off_reversal,30.01,elevated,10:37,11:46,5665.0,1.997,0.8608,1.91,0.85,-599.9999999999991,3262.5,0,1
2025-03-13,c,expiration,22.58,elevated,11:54,16:03,5615.0,2.876,0.9694,,,2737.5,2737.5,0,1
2025-03-14,p,expiration,23.34,elevated,12:23,16:00,5550.0,2.531,0.8599,,,2062.5,2062.5,0,1
2025-03-18,c,risk_off_reversal,16.0,elevated,11:06,12:14,5665.0,3.01,0.977,2.627,0.9519,-600.0000000000005,2362.5,0,1
2025-03-20,p,risk_off_reversal,18.41,elevated,10:20,12:27,5625.0,2.596,0.8507,2.339,0.827,-150,2437.5,0,1
2025-03-21,p,expiration,18.78,elevated,11:11,16:04,5580.0,2.302,0.8131,,,2437.5,2437.5,0,1
2025-03-24,p,risk_off_reversal,16.14,elevated,10:59,13:35,5710.0,2.176,0.7861,2.79,0.8992,750.0000000000003,1612.5,0,1
2025-03-25,p,risk_off_reversal,13.03,mid,10:41,11:54,5740.0,2.413,0.8261,1.909,0.7298,-374.9999999999998,1612.5,0,1
2025-03-26,c,expiration,11.64,mid,10:29,16:01,5790.0,2.036,0.8666,,,1912.5,1912.5,0,1
2025-03-27,p,risk_off_reversal,16.14,elevated,10:19,11:41,5650.0,2.736,0.8712,2.685,0.8789,824.9999999999998,2587.5,0,1
2025-03-28,c,expiration,16.73,elevated,11:54,16:01,5660.0,2.664,0.9552,,,1912.4999999999995,1912.5,0,1
2025-03-31,p,expiration,24.48,elevated,10:50,16:03,5465.0,2.196,0.7877,,,2437.5,2437.5,0,1
2025-04-02,p,expiration,19.25,elevated,10:07,16:01,5545.0,2.673,0.8587,,,2962.5,2962.5,0,1
2025-04-03,c,risk_off_reversal,30.69,elevated,11:54,12:14,5535.0,2.237,0.9076,1.843,0.8344,-2175.0000000000005,2962.5,0,1
2025-04-04,c,expiration,32.35,elevated,11:31,16:01,5315.0,3.325,0.9873,,,4237.5,4237.5,0,1
2025-04-07,p,risk_off_reversal,74.77,elevated,11:43,12:49,4830.0,2.575,0.8673,2.206,0.8062,-75.00000000000182,4462.5,0,1
2025-04-08,c,expiration,69.36,elevated,12:05,16:02,5285.0,1.322,0.6806,,,3862.499999999999,3862.5,0,1
2025-04-09,p,expiration,72.14,elevated,13:10,16:01,4885.0,2.221,0.8102,,,3112.5,3112.5,0,1
2025-04-10,c,risk_off_reversal,52.09,elevated,11:02,14:29,5435.0,2.356,0.9232,3.705,0.9919,-450,3262.5,0,1
2025-04-14,c,risk_off_reversal,51.88,elevated,11:47,14:23,5470.0,1.428,0.7185,1.278,0.6452,1124.9999999999998,2812.5,0,1
2025-04-15,c,expiration,27.98,elevated,13:02,16:01,5455.0,1.675,0.7909,,,2587.5000000000005,2587.5,0,1
2025-04-16,p,risk_off_reversal,25.1,elevated,11:30,11:49,5285.0,2.408,0.835,2.019,0.7568,-2324.999999999999,-10147.5,1,0
2025-04-16,c,expiration,25.1,elevated,13:37,16:03,5370.0,2.751,0.9573,,,2212.5000000000005,2212.5,0,1
2025-04-17,c,risk_off_reversal,33.65,elevated,10:30,11:08,5350.0,1.935,0.8454,1.31,0.6791,-2025.000000000001,2737.5,0,1
2025-04-17,p,risk_off_reversal,33.65,elevated,12:38,15:16,5240.0,2.014,0.7608,2.842,0.9076,2250,3112.5,0,1
2025-04-21,c,expiration,32.26,elevated,11:14,16:01,5235.0,2.085,0.8843,,,2287.5,2287.5,0,1
2025-04-23,c,risk_off_reversal,28.87,elevated,12:39,12:59,5470.0,2.578,0.9466,2.458,0.9343,-299.99999999999955,2887.5,0,1
2025-04-24,p,expiration,29.74,elevated,10:10,16:03,5325.0,2.137,0.7615,,,3187.5000000000005,3187.5,0,1
2025-04-25,p,risk_off_reversal,26.2,elevated,12:29,13:51,5450.0,1.791,0.7031,2.172,0.799,-750,1987.5,0,1
2025-04-28,c,risk_off_reversal,23.28,elevated,11:14,15:20,5565.0,1.613,0.7778,4.098,0.9964,2175,2512.5,0,1
2025-04-30,p,risk_off_reversal,21.77,elevated,11:14,12:33,5425.0,2.826,0.8959,2.947,0.915,300,2587.5,0,1
2025-05-01,p,risk_off_reversal,23.96,elevated,10:29,11:54,5560.0,2.333,0.8082,2.446,0.8435,225.00000000000045,2212.5,0,1
2025-05-02,p,expiration,26.92,elevated,10:31,16:03,5605.0,1.741,0.6695,,,2137.4999999999995,2137.5,0,1
2025-05-08,c,risk_off_reversal,19.81,elevated,10:14,10:34,5715.0,2.414,0.9202,1.78,0.8123,-2024.999999999999,3112.5,1,1
2025-05-08,p,sr_inner_breach,19.81,elevated,14:34,15:08,5675.0,2.158,0.7972,1.819,0.7173,-1050,-15547.5,1,0
2025-05-09,c,expiration,18.73,elevated,10:25,16:00,5730.0,2.319,0.9109,,,1087.4999999999998,1087.5,0,1
2025-05-12,p,expiration,25.91,elevated,14:14,16:02,5795.0,1.711,0.6864,,,1087.4999999999998,1087.5,0,1
2025-05-13,p,expiration,17.5,elevated,10:07,16:01,5820.0,2.111,0.7539,,,1912.4999999999995,1912.5,0,1
2025-05-15,p,expiration,15.2,elevated,10:06,16:00,5830.0,2.227,0.7785,,,1912.4999999999995,1912.5,0,1
2025-05-16,p,expiration,14.63,elevated,12:21,16:00,5900.0,1.922,0.7359,,,1312.5000000000002,1312.5,0,1
2025-05-19,p,expiration,13.12,mid,10:07,16:03,5875.0,3.259,0.9271,,,1537.5,1537.5,0,1
2025-05-20,p,risk_off_reversal,12.86,mid,10:45,11:30,5910.0,2.286,0.8035,2.19,0.7921,-150,1612.5,1,1
2025-05-21,p,risk_off_reversal,12.96,mid,11:07,13:17,5875.0,2.699,0.878,1.752,0.6958,-2700,-44407.5,1,0
2025-05-21,c,expiration,12.96,mid,14:26,16:03,5895.0,2.85,0.9605,,,2437.5,2437.5,0,1
2025-05-22,p,risk_off_reversal,17.62,elevated,10:09,11:47,5800.0,2.32,0.7984,2.353,0.8259,599.9999999999995,3037.5,0,1
2025-05-23,p,expiration,16.29,elevated,10:43,16:02,5730.0,2.906,0.8996,,,3037.5000000000005,3037.5,0,1
2025-05-27,p,expiration,21.18,elevated,12:41,16:00,5880.0,1.497,0.6171,,,1537.5,1537.5,0,1
2025-05-28,c,expiration,12.57,mid,10:20,16:01,5955.0,2.031,0.8625,,,1462.5,1462.5,0,1
2025-05-29,c,risk_off_reversal,19.16,elevated,10:14,13:03,5965.0,1.939,0.8413,2.551,0.9439,1650,2437.5,0,1
2025-05-30,p,risk_off_reversal,16.89,elevated,10:29,12:23,5850.0,2.285,0.7981,1.468,0.6063,-4350,2362.5,1,1
2025-05-30,c,risk_off_reversal,16.89,elevated,12:49,14:14,5910.0,2.912,0.9711,1.699,0.7831,-3074.999999999999,1987.5,1,1
2025-06-04,c,risk_off_reversal,11.7,mid,12:07,13:01,6005.0,2.02,0.8723,1.855,0.8366,300,1462.5,0,1
2025-06-09,p,risk_off_reversal,14.14,mid,12:57,15:47,5985.0,1.94,0.7441,5.898,0.9995,1199.9999999999998,1312.5,0,1
2025-06-12,p,expiration,13.76,mid,10:13,16:03,5975.0,2.351,0.8054,,,1837.5,1837.5,0,1
2025-06-13,c,risk_off_reversal,12.51,mid,10:31,10:56,6025.0,2.578,0.9428,1.437,0.7225,-4500,1912.5,1,1
2025-06-13,p,risk_off_reversal,12.51,mid,12:32,13:10,5975.0,2.965,0.9163,2.569,0.8682,-1274.9999999999993,1312.5,1,1
2025-06-17,p,risk_off_reversal,12.45,mid,10:14,10:43,5975.0,2.471,0.8276,2.136,0.7716,-525,1462.5,1,1
2025-06-17,c,expiration,12.45,mid,13:36,16:00,6030.0,2.103,0.8799,,,862.5,862.5,0,1
2025-06-20,c,expiration,22.32,elevated,10:12,16:01,6035.0,1.204,0.6186,,,1837.5,1837.5,0,1
2025-06-24,p,expiration,13.43,mid,11:28,16:04,6040.0,2.192,0.7925,,,1012.5,1012.5,0,1
2025-06-25,c,expiration,11.3,mid,11:28,16:01,6120.0,1.5,0.7437,,,1312.5,1312.5,0,1
2025-06-26,p,expiration,9.94,calm,10:25,16:00,6085.0,2.325,0.8042,,,1012.5,1012.5,0,1
2025-06-27,p,risk_off_reversal,10.67,calm,10:06,13:45,6135.0,2.375,0.8074,3.107,0.9324,-2.2737367544323206e-13,1162.5,1,1
2025-06-30,c,risk_off_reversal,12.15,mid,11:18,11:31,6215.0,1.92,0.854,1.751,0.8147,-299.9999999999993,1687.5,1,1
2025-07-01,c,sr_inner_breach,10.01,calm,11:14,11:23,6210.0,2.091,0.8867,1.451,0.7284,-1425,1237.5,1,1
2025-07-01,p,sr_inner_breach,10.01,calm,13:27,15:00,6180.0,2.119,0.7864,2.551,0.8683,-75,1012.5,0,1
2025-07-02,p,expiration,9.3,calm,10:10,16:01,6165.0,2.588,0.8456,,,1387.5,1387.5,0,1
2025-07-07,c,expiration,14.25,mid,10:38,16:00,6280.0,1.413,0.7067,,,862.5000000000001,862.5,0,1
2025-07-08,c,sr_inner_breach,11.1,mid,11:26,11:46,6250.0,1.748,0.8142,1.279,0.6667,-900,1387.5,0,1
2025-07-09,c,risk_off_reversal,9.92,calm,12:16,13:10,6270.0,2.245,0.9093,2.272,0.9107,-75,787.5,0,1
2025-07-10,p,expiration,9.31,calm,10:46,16:02,6235.0,2.367,0.819,,,1312.5,1312.5,0,1
2025-07-11,p,risk_off_reversal,9.39,calm,10:22,11:15,6225.0,2.457,0.8275,1.988,0.7451,-2325,1837.5,0,1
2025-07-14,p,expiration,11.54,mid,11:16,16:00,6230.0,1.57,0.6314,,,1237.4999999999998,1237.5,0,1
2025-07-15,c,expiration,12.12,mid,10:35,16:03,6305.0,1.54,0.7465,,,1387.5,1387.5,0,1
2025-07-16,c,sr_inner_breach,11.61,mid,12:13,12:51,6265.0,1.925,0.8533,1.424,0.7162,-674.9999999999998,1012.5,1,1
2025-07-17,p,expiration,10.66,calm,11:11,16:04,6250.0,2.222,0.7968,,,1237.5,1237.5,0,1
2025-07-18,c,expiration,10.77,calm,10:14,16:00,6330.0,1.678,0.7783,,,1162.5,1162.5,0,1
2025-07-21,p,risk_off_reversal,9.63,calm,10:06,14:48,6295.0,2.143,0.7601,4.375,0.9903,825,1312.5,0,1
2025-07-23,p,expiration,8.46,calm,12:57,16:05,6315.0,2.466,0.8512,,,862.5,862.5,0,1
2025-07-24,p,risk_off_reversal,10.06,calm,10:56,12:12,6345.0,2.024,0.7508,1.851,0.7166,-450.0000000000002,1387.5,0,1
2025-07-25,p,expiration,9.9,calm,10:40,16:02,6345.0,2.093,0.7608,,,787.5000000000001,787.5,0,1
2025-07-28,c,sr_inner_breach,8.92,calm,11:24,11:32,6410.0,1.558,0.762,1.377,0.7028,-450,937.5,0,1
2025-07-29,c,expiration,7.93,calm,10:58,16:02,6410.0,1.806,0.8285,,,787.4999999999999,787.5,0,1
2025-07-31,c,expiration,14.41,mid,14:40,16:02,6395.0,2.503,0.9278,,,2812.5,2812.5,0,1
2025-08-05,c,expiration,11.29,mid,10:09,16:04,6360.0,1.816,0.8119,,,1237.5,1237.5,0,1
2025-08-06,p,expiration,12.07,mid,10:10,16:02,6275.0,2.368,0.8075,,,1687.4999999999998,1687.5,0,1
2025-08-07,c,expiration,10.83,mid,10:15,16:00,6405.0,2.487,0.9297,,,1387.5,1387.5,0,1
2025-08-08,p,risk_off_reversal,12.43,mid,11:09,11:39,6340.0,2.26,0.8043,1.756,0.6878,-1499.9999999999998,1237.5,0,1
2025-08-11,c,sr_inner_breach,10.34,calm,13:46,13:47,6405.0,2.151,0.8867,1.8,0.8147,-299.99999999999994,412.5,0,1
2025-08-12,p,expiration,14.83,elevated,11:26,16:03,6385.0,1.903,0.7257,,,862.5000000000001,862.5,0,1
2025-08-13,c,risk_off_reversal,9.28,calm,10:59,15:22,6485.0,2.015,0.8731,4.091,0.9964,599.9999999999999,787.5,0,1
2025-08-14,p,risk_off_reversal,9.47,calm,10:36,11:10,6425.0,2.58,0.8524,2.459,0.8409,-375,1237.5,0,1
2025-08-18,c,sr_inner_breach,11.26,mid,12:58,13:00,6460.0,1.46,0.7278,1.289,0.6675,-300,487.5,0,1
2025-08-19,p,risk_off_reversal,7.89,calm,10:09,10:27,6425.0,2.302,0.7942,1.771,0.6756,-299.9999999999998,-18412.5,1,0
2025-08-19,c,expiration,7.89,calm,11:16,16:03,6455.0,2.126,0.8926,,,1012.5,1012.5,0,1
2025-08-21,p,risk_off_reversal,10.8,mid,10:10,11:13,6335.0,2.759,0.8712,2.324,0.8171,-750.0000000000005,2212.5,0,1
2025-08-21,c,sr_inner_breach,10.8,mid,13:28,13:35,6385.0,2.288,0.9104,1.748,0.8041,-1049.9999999999995,1312.5,0,1
2025-08-22,p,expiration,18.06,elevated,11:07,16:02,6425.0,1.741,0.6806,,,1687.4999999999998,1687.5,0,1
2025-08-25,p,sr_inner_breach,9.24,calm,11:39,13:04,6440.0,1.603,0.6435,1.762,0.6977,75,187.5,1,0
2025-08-26,p,risk_off_reversal,8.1,calm,10:27,13:52,6415.0,2.278,0.7955,3.362,0.9521,674.9999999999998,1237.5,0,1
2025-08-27,p,risk_off_reversal,7.57,calm,10:12,12:27,6440.0,2.433,0.8197,2.975,0.9166,-75,1162.5,0,1
2025-09-03,c,sr_inner_breach,11.66,mid,12:54,12:56,6450.0,1.593,0.7692,1.375,0.6989,-524.9999999999999,787.5,0,1
2025-09-04,c,sr_inner_breach,9.91,calm,10:11,10:25,6480.0,1.683,0.7785,1.113,0.5873,-1050,-31087.5,1,0
2025-09-04,p,expiration,9.91,calm,10:42,16:00,6435.0,1.851,0.7026,,,1612.5000000000002,1612.5,0,1
2025-09-05,c,expiration,13.53,mid,11:20,16:02,6505.0,2.016,0.8727,,,1762.5000000000002,1762.5,0,1
2025-09-08,p,risk_off_reversal,9.78,calm,10:48,11:47,6475.0,1.919,0.7225,1.546,0.6271,-1050.0000000000005,1162.5,0,1
2025-09-08,c,sr_inner_breach,9.78,calm,13:56,14:15,6505.0,2.047,0.8664,1.605,0.7568,-299.9999999999999,562.5,0,1
2025-09-09,c,sr_inner_breach,8.37,calm,11:06,11:18,6515.0,1.994,0.8692,1.522,0.7511,-375,937.5,1,1
2025-09-09,p,sr_inner_breach,8.37,calm,13:29,13:31,6485.0,2.26,0.8153,2.269,0.8172,-224.9999999999999,787.5,0,1
2025-09-10,p,risk_off_reversal,8.92,calm,10:09,11:17,6515.0,2.441,0.8203,1.645,0.654,-1500,1387.5,0,1
2025-09-10,c,sr_inner_breach,8.92,calm,12:49,12:51,6555.0,1.905,0.8483,1.644,0.7839,-374.9999999999999,787.5,0,1
2025-09-11,p,expiration,12.58,mid,10:09,16:02,6525.0,2.065,0.7437,,,1762.5,1762.5,0,1
2025-09-12,p,sr_inner_breach,9.65,calm,10:59,11:30,6565.0,1.867,0.7131,1.387,0.5742,-1350.0000000000005,862.5,0,1
2025-09-15,p,risk_off_reversal,10.37,calm,10:49,11:07,6580.0,2.193,0.7858,2.215,0.795,-225.0000000000001,562.5,0,1
2025-09-16,c,sr_inner_breach,8.89,calm,10:47,13:01,6630.0,1.542,0.7526,1.781,0.8193,375,937.5,0,1
2025-09-18,p,risk_off_reversal,14.15,mid,10:07,11:53,6595.0,1.849,0.6897,1.85,0.7147,374.9999999999998,2062.5,0,1
2025-09-19,c,sr_inner_breach,14.26,mid,11:10,11:52,6660.0,1.018,0.5602,0.993,0.5474,149.99999999999977,-2797.5,1,0
2025-09-22,p,expiration,11.0,mid,10:26,16:02,6635.0,1.563,0.6152,,,1087.5,1087.5,0,1
2025-09-23,c,expiration,8.9,calm,10:39,16:02,6715.0,1.777,0.814,,,937.5,937.5,0,1
2025-09-24,c,expiration,9.75,calm,14:08,16:03,6645.0,1.664,0.7751,,,1087.5,1087.5,0,1
2025-09-25,p,risk_off_reversal,9.35,calm,10:36,13:23,6565.0,2.926,0.8996,2.626,0.8768,-450,1837.5,0,1
2025-09-26,c,risk_off_reversal,11.54,mid,10:53,12:21,6650.0,2.041,0.8757,1.486,0.7376,225,1837.5,0,1
2025-09-30,p,risk_off_reversal,9.93,calm,12:26,13:12,6625.0,2.452,0.8463,1.94,0.7446,-1349.9999999999998,1312.5,0,1
2025-10-01,p,expiration,10.79,calm,10:31,16:00,6640.0,2.205,0.7822,,,1462.5,1462.5,0,1
2025-10-02,c,risk_off_reversal,10.26,calm,10:25,13:43,6740.0,1.72,0.794,2.257,0.9037,900,1387.5,0,1
2025-10-03,p,risk_off_reversal,10.57,calm,10:41,13:03,6710.0,2.11,0.7651,1.796,0.707,-75.00000000000045,1312.5,1,1
2025-10-03,c,sr_inner_breach,10.57,calm,14:18,14:22,6745.0,2.362,0.9135,1.872,0.8251,-600,562.5,0,1
2025-10-06,p,expiration,11.35,mid,11:54,16:00,6715.0,1.652,0.6598,,,1162.5,1162.5,0,1
2025-10-07,c,expiration,8.65,calm,10:26,16:00,6765.0,1.785,0.811,,,1012.5,1012.5,0,1
2025-10-08,p,expiration,10.75,calm,10:07,16:00,6695.0,2.263,0.7858,,,1387.5,1387.5,0,1
2025-10-09,c,expiration,9.71,calm,10:58,16:00,6765.0,1.717,0.8064,,,937.5,937.5,0,1
2025-10-10,c,expiration,11.33,mid,12:13,16:04,6705.0,4.085,0.9979,,,1537.4999999999998,1537.5,0,1
2025-10-15,p,risk_off_reversal,17.23,elevated,10:14,11:13,6650.0,2.27,0.7901,2.007,0.7499,-524.9999999999998,1612.5,1,1
2025-10-15,c,expiration,17.23,elevated,12:49,16:01,6710.0,1.869,0.84,,,1312.5,1312.5,0,1
2025-10-16,c,expiration,16.57,elevated,11:49,16:01,6720.0,2.149,0.8951,,,2662.5,2662.5,0,1
2025-10-17,p,expiration,21.66,elevated,12:12,16:00,6570.0,2.662,0.8784,,,2287.4999999999995,2287.5,0,1
2025-10-20,p,expiration,18.42,elevated,12:49,16:00,6690.0,1.733,0.689,,,1087.5000000000002,1087.5,0,1
2025-10-22,c,expiration,10.55,calm,10:46,16:04,6745.0,2.421,0.9299,,,2062.5,2062.5,0,1
2025-10-24,p,risk_off_reversal,13.62,mid,11:26,11:45,6760.0,2.124,0.7776,1.927,0.7335,-750,1312.5,0,1
2025-10-27,p,risk_off_reversal,14.7,elevated,10:09,10:23,6815.0,1.604,0.6217,1.346,0.5447,-1125,1387.5,0,1
2025-11-05,p,risk_off_reversal,14.77,elevated,10:44,15:58,6755.0,1.813,0.6937,23.322,1.0,2175,2287.5,0,1
2025-11-06,c,sr_inner_breach,12.08,mid,11:57,13:36,6760.0,2.585,0.9487,1.461,0.7203,-2700,2962.5,0,1
2025-11-07,c,risk_off_reversal,16.13,elevated,10:57,13:15,6715.0,2.254,0.9111,2.657,0.9523,1875,-17917.5,1,0
2025-11-10,c,risk_off_reversal,16.49,elevated,11:53,11:59,6815.0,1.527,0.7514,1.199,0.6352,-1049.9999999999998,-23992.5,1,0
2025-11-10,p,expiration,16.49,elevated,14:52,16:05,6815.0,1.426,0.6,,,712.5,712.5,0,1
2025-11-11,c,risk_off_reversal,11.68,mid,10:21,11:22,6850.0,1.886,0.8327,1.448,0.7272,-600,937.5,1,1
2025-11-11,p,expiration,11.68,mid,12:21,16:02,6800.0,1.851,0.7178,,,1162.5,1162.5,0,1
2025-11-13,c,expiration,11.61,mid,12:00,16:03,6830.0,3.303,0.9872,,,1537.4999999999998,1537.5,0,1
2025-11-14,p,expiration,18.23,elevated,10:33,16:00,6635.0,2.605,0.8561,,,2812.5,2812.5,0,1
2025-11-18,c,risk_off_reversal,19.01,elevated,10:41,11:26,6675.0,2.268,0.9083,1.679,0.7958,-2399.9999999999995,3262.5,0,1
2025-11-21,c,risk_off_reversal,28.72,elevated,10:40,11:29,6620.0,2.031,0.8684,1.084,0.5883,-4125.000000000002,3862.5,1,1
2025-11-21,p,expiration,28.72,elevated,12:57,16:02,6540.0,2.098,0.7814,,,1987.5,1987.5,0,1
2025-11-24,p,expiration,22.49,elevated,10:40,16:03,6610.0,1.819,0.694,,,2362.5,2362.5,0,1
2025-11-25,p,expiration,14.53,mid,11:26,16:04,6655.0,2.773,0.8894,,,1687.4999999999998,1687.5,0,1
2025-11-26,p,expiration,11.43,mid,12:23,16:00,6780.0,2.732,0.888,,,1087.5,1087.5,0,1
2025-12-01,p,risk_off_reversal,11.16,mid,11:49,14:10,6795.0,2.45,0.8429,3.423,0.9564,600,1387.5,0,1
2025-12-02,p,risk_off_reversal,11.75,mid,10:53,11:15,6800.0,2.393,0.8264,1.482,0.6037,-3449.999999999999,1612.5,0,1
2025-12-02,c,sr_inner_breach,11.75,mid,13:12,14:04,6850.0,1.894,0.843,1.654,0.7731,-525,1087.5,0,1
2025-12-03,p,expiration,10.28,calm,10:29,16:04,6775.0,3.148,0.9214,,,2137.5,2137.5,0,1
2025-12-05,p,risk_off_reversal,10.34,calm,10:08,11:20,6830.0,3.194,0.9211,2.573,0.8603,-1424.9999999999993,1612.5,0,1
2025-12-05,c,sr_inner_breach,10.34,calm,12:36,12:46,6885.0,1.858,0.8382,1.435,0.7199,-1200.000000000001,1912.5,0,1
2025-12-08,c,expiration,9.57,calm,10:29,16:00,6890.0,2.026,0.8648,,,1912.5,1912.5,0,1
2025-12-09,p,sr_inner_breach,9.27,calm,11:13,12:47,6830.0,1.957,0.7374,1.692,0.6768,-900,1462.5,0,1
2025-12-11,p,expiration,12.18,mid,11:53,16:04,6830.0,2.013,0.7551,,,1237.4999999999998,1237.5,0,1
2025-12-12,c,expiration,10.59,calm,11:59,16:01,6865.0,3.218,0.9847,,,2512.5000000000005,2512.5,0,1
2025-12-15,c,risk_off_reversal,12.02,mid,10:14,11:19,6865.0,2.004,0.8552,1.575,0.7669,0,2437.5,0,1
2025-12-16,c,risk_off_reversal,12.38,mid,11:25,13:42,6825.0,2.309,0.9192,3.062,0.9759,1200.0000000000002,1687.5,0,1
2025-12-17,c,expiration,11.45,mid,10:43,16:04,6820.0,2.648,0.9516,,,2887.5,2887.5,0,1
2025-12-18,p,risk_off_reversal,17.5,elevated,11:46,12:05,6765.0,1.743,0.6851,1.16,0.4974,-2549.9999999999995,1162.5,1,1
2025-12-19,p,risk_off_reversal,14.53,mid,10:41,11:13,6770.0,2.371,0.8186,2.389,0.8293,-4.547473508864641e-13,1687.5,0,1
2025-12-22,p,risk_off_reversal,10.37,calm,11:20,13:25,6850.0,1.708,0.6723,1.925,0.7412,299.9999999999999,1162.5,0,1
2025-12-23,p,expiration,7.56,calm,11:08,16:01,6865.0,2.29,0.8099,,,862.5000000000001,862.5,0,1
2025-12-24,p,expiration,6.87,calm,10:23,13:02,6900.0,2.18,0.7738,,,337.5,337.5,0,1
2025-12-26,c,sr_inner_breach,7.01,calm,10:18,10:20,6955.0,1.95,0.8459,1.632,0.768,-749.9999999999998,862.5,0,1
2025-12-30,c,sr_inner_breach,8.44,calm,10:47,10:50,6920.0,1.69,0.7948,1.446,0.7233,-750,1087.5,0,1
2025-12-31,c,risk_off_reversal,9.28,calm,10:44,11:56,6910.0,2.029,0.8706,2.168,0.8983,525,1537.5,0,1
2026-01-02,c,sr_inner_breach,10.78,calm,11:51,12:19,6865.0,2.071,0.8822,1.129,0.6056,-1950,1837.5,1,1
2026-01-06,p,risk_off_reversal,8.46,calm,10:18,10:37,6895.0,2.39,0.8141,2.088,0.7587,-450.00000000000045,1312.5,0,1
2026-01-08,p,risk_off_reversal,8.85,calm,10:13,13:11,6880.0,2.551,0.8405,3.552,0.9629,900.0000000000002,1912.5,0,1
2026-01-09,c,risk_off_reversal,13.23,mid,10:12,10:22,6965.0,1.334,0.6679,0.713,0.3996,-1800.0000000000002,202.5,1,0
2026-01-09,p,expiration,13.23,mid,10:41,16:02,6900.0,2.118,0.7671,,,1387.5,1387.5,0,1
2026-01-12,p,expiration,8.37,calm,13:51,16:04,6965.0,1.438,0.6018,,,862.5000000000001,862.5,0,1
2026-01-13,c,risk_off_reversal,9.43,calm,10:07,11:44,7000.0,2.148,0.8797,1.996,0.8686,300.0000000000001,1162.5,0,1
2026-01-14,c,risk_off_reversal,10.43,calm,10:05,10:14,6970.0,3.184,0.9783,2.143,0.8811,-300,2437.5,0,1
2026-01-15,p,risk_off_reversal,11.3,mid,11:44,14:06,6940.0,2.002,0.7516,2.307,0.8255,375,1387.5,1,1
2026-01-16,c,risk_off_reversal,10.58,calm,10:39,11:10,6970.0,2.127,0.8863,1.157,0.6198,-1650,1387.5,0,1
2026-01-23,p,risk_off_reversal,10.5,calm,10:08,12:43,6865.0,2.658,0.856,3.327,0.9482,525.0000000000002,1837.5,0,1
2026-01-26,p,risk_off_reversal,12.0,mid,10:22,15:57,6915.0,1.959,0.7229,18.455,1.0,1350,1462.5,0,1
2026-01-27,p,risk_off_reversal,8.71,calm,10:42,12:17,6945.0,2.368,0.818,2.66,0.8776,75,1012.5,0,1
2026-01-30,c,risk_off_reversal,12.95,mid,11:29,12:30,6975.0,2.063,0.8811,2.165,0.8968,525,2437.5,0,1
2026-02-02,p,expiration,16.12,elevated,11:03,16:03,6910.0,2.111,0.7727,,,1312.4999999999998,1312.5,0,1
2026-02-03,c,expiration,9.62,calm,10:21,16:02,6995.0,2.911,0.9667,,,1462.5,1462.5,0,1
2026-02-04,c,risk_off_reversal,14.21,mid,11:08,14:48,6940.0,2.14,0.8947,3.289,0.9814,2850,3562.5,0,1
2026-02-05,c,risk_off_reversal,18.54,elevated,11:06,11:20,6865.0,2.659,0.9554,2.094,0.8865,-2325,2887.5,0,1
2026-02-06,p,expiration,22.0,elevated,14:11,16:02,6890.0,1.139,0.4971,,,1012.5,1012.5,0,1
2026-02-09,p,expiration,15.04,elevated,10:47,16:02,6905.0,1.989,0.7394,,,1387.5,1387.5,0,1
2026-02-10,p,risk_off_reversal,11.0,mid,10:12,13:10,6930.0,2.574,0.8441,2.832,0.9034,1050,1837.5,0,1
2026-02-19,c,risk_off_reversal,14.43,mid,13:24,14:09,6880.0,2.315,0.9145,1.615,0.7608,-899.9999999999998,862.5,0,1
2026-02-20,p,risk_off_reversal,16.75,elevated,10:13,12:16,6805.0,2.382,0.8115,2.798,0.8964,-1124.9999999999995,2737.5,0,1
2026-02-23,c,expiration,16.96,elevated,10:09,16:01,6920.0,1.829,0.8146,,,2587.5,2587.5,0,1
2026-02-24,p,expiration,15.45,elevated,10:55,16:02,6815.0,2.272,0.8045,,,1612.5000000000002,1612.5,0,1
2026-02-25,p,expiration,12.4,mid,11:53,16:03,6910.0,1.563,0.6329,,,1087.5,1087.5,0,1
2026-02-26,c,sr_inner_breach,16.17,elevated,11:52,14:18,6920.0,1.469,0.7329,0.94,0.5056,-2175,2587.5,0,1
2026-02-27,p,risk_off_reversal,13.59,mid,10:11,12:20,6795.0,3.127,0.9156,3.184,0.9362,900,2737.5,0,1
2026-03-02,p,risk_off_reversal,19.12,elevated,10:08,11:28,6785.0,2.296,0.7935,2.082,0.7688,-675.0000000000005,2287.5,0,1
2026-03-03,c,risk_off_reversal,16.19,elevated,10:50,11:05,6805.0,3.148,0.9816,1.914,0.8528,-1500.0000000000005,-15097.5,1,0
2026-03-03,p,sr_inner_breach,16.19,elevated,14:39,15:15,6815.0,0.633,0.2906,0.929,0.4165,225,7987.5,1,1
2026-03-04,p,expiration,19.61,elevated,11:24,16:01,6800.0,1.911,0.7277,,,2137.5,2137.5,0,1
2026-03-05,c,expiration,17.46,elevated,10:48,16:03,6885.0,1.864,0.8374,,,2212.5,2212.5,0,1
2026-03-19,p,risk_off_reversal,21.78,elevated,11:18,11:38,6530.0,2.017,0.753,1.441,0.593,-2475,1687.5,0,1
2026-03-20,c,risk_off_reversal,20.86,elevated,10:27,12:05,6615.0,2.094,0.876,1.86,0.839,674.9999999999995,2662.5,0,1
2026-03-23,p,risk_off_reversal,29.74,elevated,10:27,11:38,6555.0,1.633,0.6369,1.478,0.6051,-300,2137.5,0,1
2026-03-24,p,risk_off_reversal,22.26,elevated,10:57,13:10,6505.0,2.12,0.7737,1.892,0.7328,675,3562.5,0,1
2026-03-26,c,expiration,19.38,elevated,14:49,16:03,6530.0,2.075,0.8624,,,1237.4999999999998,1237.5,0,1
2026-03-27,c,expiration,23.37,elevated,13:06,16:04,6455.0,1.399,0.7056,,,1687.4999999999998,1687.5,0,1
2026-03-30,c,expiration,32.96,elevated,14:40,16:04,6370.0,0.761,0.4163,,,1762.5,1762.5,0,1
2026-03-31,p,expiration,22.99,elevated,13:35,16:05,6455.0,2.046,0.771,,,2812.5,2812.5,0,1
2026-04-01,p,risk_off_reversal,19.75,elevated,10:57,14:02,6525.0,2.09,0.7669,3.13,0.9352,899.9999999999993,2287.5,0,1
2026-04-02,p,expiration,23.25,elevated,10:23,16:02,6445.0,2.232,0.7859,,,2587.5,2587.5,0,1
2026-04-07,c,risk_off_reversal,17.97,elevated,10:56,12:03,6615.0,2.01,0.8707,1.331,0.6851,-4800,-1942.5,1,0
2026-04-09,p,expiration,16.61,elevated,11:23,13:26,6745.0,1.541,0.6233,,,1687.4999999999998,1687.5,0,1
2026-04-14,p,expiration,12.63,mid,12:51,16:03,6930.0,1.707,0.6816,,,1012.5,1012.5,0,1
2026-04-15,p,risk_off_reversal,12.52,mid,10:49,12:41,6950.0,2.074,0.76,2.176,0.7959,-524.9999999999998,1312.5,0,1
2026-04-16,p,risk_off_reversal,12.89,mid,12:22,12:34,7005.0,2.272,0.8136,1.576,0.6412,-4800,937.5,0,1
2026-04-17,p,expiration,12.43,mid,10:06,16:04,7055.0,2.575,0.8426,,,2062.5,2062.5,0,1
2026-04-20,c,risk_off_reversal,14.87,elevated,10:58,13:18,7135.0,1.614,0.7782,1.549,0.7518,1050,1837.5,0,1
2026-04-21,c,expiration,12.55,mid,12:01,16:03,7135.0,1.961,0.861,,,937.5,937.5,0,1
2026-04-22,p,risk_off_reversal,17.69,elevated,10:13,11:44,7060.0,1.929,0.7126,2.037,0.7599,450,1837.5,0,1
2026-04-23,p,risk_off_reversal,11.89,mid,11:15,11:45,7100.0,2.035,0.7564,1.894,0.7252,-374.9999999999998,1612.5,1,1
2026-04-24,p,expiration,13.87,mid,11:06,16:02,7085.0,2.175,0.7868,,,1612.5000000000002,1612.5,0,1
2026-04-27,p,expiration,16.81,elevated,13:31,16:04,7145.0,1.366,0.577,,,1162.5,1162.5,0,1
2026-04-28,c,risk_off_reversal,10.93,mid,10:43,13:35,7165.0,2.058,0.8756,2.675,0.952,1050,1837.5,0,1
2026-04-30,p,expiration,19.07,elevated,12:17,16:04,7130.0,1.561,0.635,,,1537.5,1537.5,0,1
2026-05-04,p,risk_off_reversal,13.36,mid,10:18,11:00,7190.0,1.906,0.7083,1.911,0.7249,-600,1462.5,1,1
2026-05-04,c,expiration,13.36,mid,12:20,16:04,7240.0,2.245,0.9091,,,1087.5,1087.5,0,1
2026-05-05,p,expiration,12.21,mid,11:00,16:04,7210.0,2.091,0.7677,,,1462.5,1462.5,0,1
2026-05-06,p,expiration,10.81,mid,10:38,16:05,7290.0,2.371,0.8174,,,1687.4999999999998,1687.5,0,1
2026-05-07,p,sr_inner_breach,11.34,mid,10:57,11:58,7345.0,1.864,0.7116,1.073,0.4645,-3449.999999999999,-10147.5,1,0
2026-05-07,c,expiration,11.34,mid,13:08,16:04,7380.0,2.044,0.8741,,,787.5000000000001,787.5,0,1
2026-05-08,p,risk_off_reversal,12.3,mid,11:39,15:29,7350.0,2.226,0.8004,5.604,0.9991,1275,1462.5,0,1
2026-05-11,p,risk_off_reversal,12.34,mid,11:01,11:12,7375.0,1.874,0.7156,1.848,0.7099,-225,1312.5,0,1
2026-05-12,c,risk_off_reversal,11.05,mid,10:38,13:24,7405.0,1.979,0.8586,2.801,0.9625,-375,1312.5,1,1
2026-05-13,p,expiration,10.59,calm,11:05,16:01,7370.0,2.254,0.8026,,,1462.5,1462.5,0,1
2026-05-14,p,expiration,11.54,mid,10:41,16:03,7445.0,2.125,0.7686,,,1912.4999999999995,1912.5,0,1
2026-05-18,c,risk_off_reversal,15.82,elevated,11:15,12:20,7440.0,1.869,0.8427,1.857,0.8382,375,1687.5,0,1
2026-05-19,c,risk_off_reversal,12.31,mid,10:20,12:31,7405.0,2.807,0.9596,2.089,0.8842,525,2512.5,0,1
2026-05-20,p,expiration,13.05,mid,10:32,16:03,7350.0,2.322,0.8062,,,1987.5,1987.5,0,1
2026-05-21,p,sr_inner_breach,16.13,elevated,14:28,14:48,7425.0,1.745,0.6962,1.305,0.5584,-2475.0000000000005,1237.5,1,1
2026-05-26,p,risk_off_reversal,17.34,elevated,10:17,11:49,7480.0,1.532,0.6026,1.004,0.4369,-2100.0000000000005,1912.5,0,1
2026-05-26,c,risk_off_reversal,17.34,elevated,13:27,14:09,7535.0,1.334,0.6781,1.242,0.6347,-224.9999999999999,787.5,0,1
2026-05-27,c,risk_off_reversal,10.84,mid,11:49,12:14,7540.0,2.05,0.8785,1.605,0.7741,-600,1387.5,0,1
2026-05-28,p,expiration,10.22,calm,10:20,16:04,7495.0,2.503,0.8349,,,1612.4999999999998,1612.5,0,1
2026-06-01,p,expiration,12.33,mid,12:43,16:04,7560.0,1.586,0.6451,,,1087.5000000000002,1087.5,0,1
2026-06-02,p,expiration,9.6,calm,10:15,16:04,7555.0,2.426,0.8197,,,1612.4999999999998,1612.5,0,1
2026-06-04,p,expiration,11.32,mid,10:45,16:03,7510.0,2.116,0.7679,,,1762.5000000000002,1762.5,0,1
