tid,day,side,K,Kl,credit,qty,ex_min,actual_pnl,held_pnl,settle_ok,sigma,era,pnl_headline,pnl_actual_bs,pnl_chain,chain_ok
0,2024-12-17,c,6065.0,6105.0,1012.5,15,88,-525.0,1012.5,1,0.08349999999999999,TRAIN,878.6955180172023,452.5228015421311,-337.4999999999998,True
1,2024-12-17,p,6035.0,5995.0,862.5,15,143,-225.0,862.5,1,0.08349999999999999,TRAIN,638.7883557923985,652.5118810772095,-187.5,True
2,2024-12-18,p,6005.0,5965.0,2437.5,15,109,300.0,-57562.5,0,0.1286,TRAIN,2389.276185465753,2416.389488380222,375.0,True
3,2025-01-07,c,5980.0,6020.0,2212.5,15,391,2212.5,2212.5,1,0.1177,TRAIN,1714.4014240175247,2212.5,-1537.5,True
4,2025-01-13,p,5805.0,5765.0,1312.5,15,391,1312.5,1312.5,1,0.1602,TRAIN,1312.4359857876882,1312.5,,False
5,2025-01-14,c,5880.0,5920.0,1612.4999999999998,15,238,674.9999999999998,1612.4999999999998,1,0.1641,TRAIN,1512.8786285428316,1548.135537967783,-300.0,True
6,2025-01-17,p,5960.0,5920.0,1387.5,15,392,1387.5,1387.5,1,0.13570000000000002,TRAIN,1387.4829797002758,1387.5,1125.0,True
7,2025-01-22,p,6055.0,6015.0,1612.5000000000002,15,103,-299.9999999999998,1612.5000000000002,1,0.1063,TRAIN,1612.126881842936,1497.3837736083608,1312.5000000000002,True
8,2025-01-23,p,6055.0,6015.0,1162.5,15,392,1162.5,1162.5,1,0.09630000000000001,TRAIN,1162.2127644974337,1162.5,900.0,True
9,2025-01-24,c,6140.0,6180.0,1837.5,15,124,300.0,1837.5,1,0.0922,TRAIN,1830.470715821341,1450.0026761879512,,False
10,2025-01-27,p,5960.0,5920.0,1912.5,15,79,-450.00000000000045,1912.5,1,0.08689999999999999,TRAIN,1912.4717024300803,1912.3227706628209,112.49999999999977,True
11,2025-01-28,p,5990.0,5950.0,1387.5,15,391,1387.5,1387.5,1,0.141,TRAIN,1387.4744103749686,1387.5,1087.5,True
12,2025-01-30,c,6090.0,6130.0,1762.5,15,141,450.0,1762.5,1,0.1707,TRAIN,-137.3420983995079,874.3956975347625,-937.5,True
13,2025-01-31,p,6055.0,6015.0,1762.5,15,230,-75.00000000000023,-20632.500000000437,0,0.14550000000000002,TRAIN,1734.4794526842359,1751.386052453646,862.4999999999999,True
14,2025-01-31,c,6090.0,6130.0,1837.5,15,391,1837.5,1837.5,1,0.14550000000000002,TRAIN,1832.2139306091658,1837.5,75.0,True
15,2025-02-03,p,5930.0,5890.0,2287.4999999999995,15,391,2287.4999999999995,2287.4999999999995,1,0.1723,TRAIN,2269.6481655769157,2287.4999999999995,-75.0,True
16,2025-02-04,p,5975.0,5935.0,2662.5,15,393,2662.5,2662.5,1,0.1814,TRAIN,2662.467328404579,2662.5,2475.0,True
17,2025-02-05,c,6055.0,6095.0,2137.5,15,101,-1125.0,-8197.500000000491,0,0.1482,TRAIN,1543.623696848903,-273.8181755277028,-375.0,True
18,2025-02-05,p,5995.0,5955.0,1387.5,15,392,1387.5,1387.5,1,0.1482,TRAIN,1387.320466116013,1387.5,1050.0,True
19,2025-02-06,c,6095.0,6135.0,1987.5,15,104,-1275.0000000000005,1987.5,1,0.1134,TRAIN,1549.965095509242,734.268635700779,-75.0,True
20,2025-02-10,p,6015.0,5975.0,1537.5,15,111,75.0,1537.5,1,0.1602,HELDOUT,1537.405343989513,1307.0715152066523,1387.5,True
21,2025-02-11,p,6020.0,5980.0,1987.5,15,154,450.0,1987.5,1,0.11470000000000001,HELDOUT,1987.2706627430186,1923.6644444933206,1762.5,True
22,2025-02-12,p,5990.0,5950.0,1237.5,15,103,-2100.0000000000005,1237.5,1,0.136,HELDOUT,1199.533093859182,919.566899723804,-299.9999999999998,True
23,2025-02-13,p,6025.0,5985.0,1612.5000000000002,15,392,1612.5000000000002,1612.5000000000002,1,0.1225,HELDOUT,1597.6607134488722,1612.5000000000002,112.50000000000068,True
24,2025-02-18,c,6130.0,6170.0,862.5,15,262,-150.0,862.5,1,0.1115,HELDOUT,844.7151893303712,440.13547559436984,,False
25,2025-02-19,p,6085.0,6045.0,1012.5,15,391,1012.5,1012.5,1,0.0906,HELDOUT,985.8190676529796,1012.5,0.0,True
26,2025-02-21,c,6125.0,6165.0,1912.5,15,392,1912.5,1912.5,1,0.10679999999999999,HELDOUT,1824.8449902934424,1912.5,37.5,True
27,2025-02-25,c,6010.0,6050.0,2212.5,15,189,1575.0,2212.5,1,0.156,HELDOUT,2145.9270765784154,2202.8176904132224,-262.5,True
28,2025-02-26,p,5955.0,5915.0,2137.5,15,150,-974.9999999999995,2137.5,1,0.1471,HELDOUT,2085.9564207212075,1928.1054039866513,-1050.0,True
29,2025-02-28,p,5805.0,5765.0,2662.5,15,120,-675.0000000000005,2662.5,1,0.19649999999999998,HELDOUT,2661.858237788468,2613.797474232859,1912.5,True
30,2025-03-03,c,5995.0,6035.0,3037.5000000000005,15,390,3037.5000000000005,3037.5000000000005,1,0.1784,HELDOUT,2784.7577852698573,3037.5000000000005,-187.49999999999955,True
31,2025-03-04,c,5845.0,5885.0,3187.5,15,149,225.00000000000045,3187.5,1,0.2214,HELDOUT,3150.944784430298,3147.8214852374135,-449.99999999999955,True
32,2025-03-04,p,5760.0,5720.0,1987.5,15,370,1125.0,1987.5,1,0.2214,HELDOUT,1986.2328276932249,1987.4999868535358,525.0000000000002,True
33,2025-03-05,c,5840.0,5880.0,3112.5,15,150,-2250.0,1687.5000000002728,0,0.2469,HELDOUT,3045.828982784146,2537.838875544734,-525.0000000000005,True
34,2025-03-05,p,5750.0,5710.0,2287.5000000000005,15,393,2287.5000000000005,2287.5000000000005,1,0.2469,HELDOUT,2287.260969816409,2287.5000000000005,1387.5000000000005,True
35,2025-03-06,p,5705.0,5665.0,3037.5000000000005,15,143,-2774.9999999999995,3037.5000000000005,1,0.21899999999999997,HELDOUT,3003.5626780072257,2701.9540015008297,-787.5,True
36,2025-03-06,c,5825.0,5865.0,2512.5000000000005,15,319,525.0000000000009,2512.5000000000005,1,0.21899999999999997,HELDOUT,2511.351898565196,2512.4983762076113,112.50000000000091,True
37,2025-03-10,c,5765.0,5805.0,3262.4999999999995,15,127,674.9999999999995,3262.4999999999995,1,0.2437,HELDOUT,3209.9934830165316,3245.889061321166,0.0,True
38,2025-03-11,c,5670.0,5710.0,3262.5000000000005,15,292,1650.0000000000005,3262.5000000000005,1,0.2846,HELDOUT,3103.5299053476815,3261.548529972129,375.0000000000009,True
39,2025-03-12,c,5665.0,5705.0,3262.5000000000005,15,136,-599.9999999999991,3262.5000000000005,1,0.30010000000000003,HELDOUT,2891.1585712260185,2831.603699692188,337.5000000000009,True
40,2025-03-13,c,5615.0,5655.0,2737.5,15,393,2737.5,2737.5,1,0.22579999999999997,HELDOUT,2714.0416378154337,2737.5,0.0,True
41,2025-03-14,p,5550.0,5510.0,2062.5,15,390,2062.5,2062.5,1,0.2334,HELDOUT,2062.298999442307,2062.5,1612.5,True
42,2025-03-18,c,5665.0,5705.0,2362.5,15,164,-600.0000000000005,2362.5,1,0.16,HELDOUT,2344.472450567877,2316.931413611877,-225.00000000000045,True
43,2025-03-20,p,5625.0,5585.0,2437.5,15,177,-150.0,2437.5,1,0.1841,HELDOUT,2417.2697231626644,2349.704399604746,937.5,True
44,2025-03-21,p,5580.0,5540.0,2437.5,15,394,2437.5,2437.5,1,0.18780000000000002,HELDOUT,2437.249291829783,2437.5,1912.5,True
45,2025-03-24,p,5710.0,5670.0,1612.5000000000002,15,245,750.0000000000003,1612.5000000000002,1,0.16140000000000002,HELDOUT,1612.4435441572755,1594.7232953742289,1537.5000000000002,True
46,2025-03-25,p,5740.0,5700.0,1612.5000000000002,15,144,-374.9999999999998,1612.5000000000002,1,0.1303,HELDOUT,1594.6097573443276,1383.2284929981226,1087.5000000000002,True
47,2025-03-26,c,5790.0,5830.0,1912.5,15,391,1912.5,1912.5,1,0.1164,HELDOUT,1737.3846570594676,1912.5,-187.5,True
48,2025-03-27,p,5650.0,5610.0,2587.4999999999995,15,131,824.9999999999998,2587.4999999999995,1,0.16140000000000002,HELDOUT,2569.773879448165,2563.904260091885,1162.4999999999995,True
49,2025-03-28,c,5660.0,5700.0,1912.4999999999995,15,391,1912.4999999999995,1912.4999999999995,1,0.1673,HELDOUT,1876.0094709419625,1912.4999999999995,-2.2737367544323206e-13,True
50,2025-03-31,p,5465.0,5425.0,2437.5,15,393,2437.5,2437.5,1,0.24480000000000002,HELDOUT,2437.4444023118126,2437.5,2175.0,True
51,2025-04-02,p,5545.0,5505.0,2962.5,15,391,2962.5,2962.5,1,0.1925,HELDOUT,2961.828992092884,2962.5,1762.5,True
52,2025-04-03,c,5535.0,5575.0,2962.4999999999995,15,164,-2175.0000000000005,2962.4999999999995,1,0.3069,HELDOUT,2922.04753929296,2360.0457633978285,1312.4999999999993,True
53,2025-04-04,c,5315.0,5355.0,4237.5,15,391,4237.5,4237.5,1,0.3235,HELDOUT,4234.839569301718,4237.5,300.0,True
54,2025-04-07,p,4830.0,4790.0,4462.499999999998,15,199,-75.00000000000182,4462.499999999998,1,0.7476999999999999,HELDOUT,4347.482965799363,3977.995567734896,487.5,True
55,2025-04-08,c,5285.0,5325.0,3862.499999999999,15,392,3862.499999999999,3862.499999999999,1,0.6936,HELDOUT,3739.24762931002,3862.499999999999,2549.999999999999,True
56,2025-04-09,p,4885.0,4845.0,3112.5,15,391,3112.5,3112.5,1,0.7214,HELDOUT,3112.4780038697554,3112.5,2212.5,True
57,2025-04-10,c,5435.0,5475.0,3262.4999999999995,15,299,-450.0,3262.4999999999995,1,0.5209,HELDOUT,3099.688291732058,3261.261682810242,637.4999999999995,True
58,2025-04-14,c,5470.0,5510.0,2812.5,15,293,1124.9999999999998,2812.5,1,0.5188,HELDOUT,2812.4896342218854,499.002591984688,,False
59,2025-04-15,c,5455.0,5495.0,2587.5000000000005,15,391,2587.5000000000005,2587.5000000000005,1,0.2798,HELDOUT,1284.8899201409126,2587.5000000000005,-450.0,True
60,2025-04-16,p,5285.0,5245.0,2962.5,15,139,-2324.999999999999,-10147.499999999673,0,0.251,HELDOUT,-10147.499999999673,2579.64101583856,-10147.499999999673,True
61,2025-04-16,c,5370.0,5410.0,2212.5000000000005,15,393,2212.5000000000005,2212.5000000000005,1,0.251,HELDOUT,2210.9323911686774,2212.5000000000005,337.5000000000009,True
62,2025-04-17,c,5350.0,5390.0,2737.5,15,98,-2025.000000000001,2737.5,1,0.33649999999999997,HELDOUT,2139.6580322020754,339.34239951921745,225.0,True
63,2025-04-17,p,5240.0,5200.0,3112.5,15,346,2250.0,3112.5,1,0.33649999999999997,HELDOUT,3089.720870878656,3105.52375616678,2062.5,True
64,2025-04-21,c,5235.0,5275.0,2287.5,15,391,2287.5,2287.5,1,0.3226,HELDOUT,1888.4862807750092,2287.5,224.99999999999955,True
65,2025-04-23,c,5470.0,5510.0,2887.5000000000005,15,209,-299.99999999999955,2887.5000000000005,1,0.2887,HELDOUT,2825.9592012793546,2843.0901681051214,375.0000000000009,True
66,2025-04-24,p,5325.0,5285.0,3187.5000000000005,15,393,3187.5000000000005,3187.5000000000005,1,0.2974,HELDOUT,3165.777834715861,3187.5000000000005,1350.0,True
67,2025-04-25,p,5450.0,5410.0,1987.5,15,261,-750.0,1987.5,1,0.262,HELDOUT,1987.384331226026,1733.6953947512732,1725.0,True
68,2025-04-28,c,5565.0,5605.0,2512.5,15,350,2175.0,2512.5,1,0.2328,HELDOUT,2473.2246991243996,2512.4021020198134,1725.0,True
69,2025-04-30,p,5425.0,5385.0,2587.5,15,183,300.0,2587.5,1,0.2177,HELDOUT,2586.7591638299323,2571.8369704464444,1387.5,True
70,2025-05-01,p,5560.0,5520.0,2212.5,15,144,225.00000000000045,2212.5,1,0.2396,HELDOUT,2212.41417551729,1996.6359137326854,1912.5,True
71,2025-05-02,p,5605.0,5565.0,2137.4999999999995,15,393,2137.4999999999995,2137.4999999999995,1,0.2692,HELDOUT,2137.3516226171782,2137.4999999999995,1987.4999999999995,True
72,2025-05-08,c,5715.0,5755.0,3112.5,15,64,-2024.999999999999,3112.5,1,0.1981,HELDOUT,2977.033951485433,2586.887043236122,-37.50000000000091,True
73,2025-05-08,p,5675.0,5635.0,1162.5,15,338,-1050.0,-15547.500000000491,0,0.1981,HELDOUT,1162.2179560475772,939.8289148650656,525.0,True
74,2025-05-09,c,5730.0,5770.0,1087.4999999999998,15,390,1087.4999999999998,1087.4999999999998,1,0.1873,HELDOUT,1013.6722136695721,1087.4999999999998,37.49999999999977,True
75,2025-05-12,p,5795.0,5755.0,1087.4999999999998,15,392,1087.4999999999998,1087.4999999999998,1,0.2591,HELDOUT,1087.4999952206108,1087.4999999999998,1087.4999999999998,True
76,2025-05-13,p,5820.0,5780.0,1912.4999999999995,15,391,1912.4999999999995,1912.4999999999995,1,0.175,HELDOUT,1912.492520770678,1912.4999999999995,1762.4999999999995,True
77,2025-05-15,p,5830.0,5790.0,1912.4999999999995,15,390,1912.4999999999995,1912.4999999999995,1,0.152,HELDOUT,1912.4669710260073,1912.4999999999995,1574.9999999999995,True
78,2025-05-16,p,5900.0,5860.0,1312.5000000000002,15,390,1312.5000000000002,1312.5000000000002,1,0.1463,HELDOUT,1312.4613207693403,1312.5000000000002,1125.0000000000002,True
79,2025-05-19,p,5875.0,5835.0,1537.5,15,393,1537.5,1537.5,1,0.13119999999999998,HELDOUT,1533.9283794935805,1537.5,-150.0,True
80,2025-05-20,p,5910.0,5870.0,1612.5000000000002,15,120,-150.0,1612.5000000000002,1,0.1286,HELDOUT,1606.2362323259358,1484.8176211959249,150.0,True
81,2025-05-21,p,5875.0,5835.0,1837.5,15,227,-2700.0,-44407.49999999989,0,0.12960000000000002,HELDOUT,1826.4514735888781,1806.869181018534,675.0,True
82,2025-05-21,c,5895.0,5935.0,2437.5,15,393,2437.5,2437.5,1,0.12960000000000002,HELDOUT,2427.4700566579186,2437.5,75.0,True
83,2025-05-22,p,5800.0,5760.0,3037.4999999999995,15,137,599.9999999999995,3037.4999999999995,1,0.17620000000000002,HELDOUT,2001.6557190753665,2925.7532465217596,-2662.5000000000005,True
84,2025-05-23,p,5730.0,5690.0,3037.5000000000005,15,392,3037.5000000000005,3037.5000000000005,1,0.1629,HELDOUT,3037.3544432523563,3037.5000000000005,2250.0000000000005,True
85,2025-05-27,p,5880.0,5840.0,1537.5,15,390,1537.5,1537.5,1,0.2118,HELDOUT,1537.4879893564919,1537.5,,False
86,2025-05-28,c,5955.0,5995.0,1462.5,15,391,1462.5,1462.5,1,0.1257,HELDOUT,1195.5635205110723,1462.5,-337.49999999999955,True
87,2025-05-29,c,5965.0,6005.0,2437.5,15,213,1650.0,2437.5,1,0.1916,HELDOUT,1940.1148252678381,2388.1041759035115,-225.0,True
88,2025-05-30,p,5850.0,5810.0,2362.5,15,173,-4350.0,2362.5,1,0.1689,HELDOUT,2362.4362956851637,1399.3375392022745,1237.5,True
89,2025-05-30,c,5910.0,5950.0,1987.5,15,284,-3074.999999999999,1987.5,1,0.1689,HELDOUT,1977.9919258670564,1472.133585683997,-75.0,True
90,2025-06-04,c,6005.0,6045.0,1462.5,15,211,300.0,1462.5,1,0.11699999999999999,HELDOUT,1332.0411407547679,1265.5147760582652,150.0,True
91,2025-06-09,p,5985.0,5945.0,1312.4999999999998,15,377,1199.9999999999998,1312.4999999999998,1,0.1414,HELDOUT,1312.2792072721766,1312.4999890640704,1087.4999999999998,True
92,2025-06-12,p,5975.0,5935.0,1837.5,15,393,1837.5,1837.5,1,0.1376,HELDOUT,1817.4728309498762,1837.5,637.4999999999998,True
93,2025-06-13,c,6025.0,6065.0,1912.5,15,86,-4500.0,1912.5,1,0.1251,HELDOUT,1760.6998840894498,780.5893129436029,-450.00000000000045,True
94,2025-06-13,p,5975.0,5935.0,1312.5000000000002,15,220,-1274.9999999999993,1312.5000000000002,1,0.1251,HELDOUT,1307.3222987266513,1280.333014992382,-112.49999999999977,True
95,2025-06-17,p,5975.0,5935.0,1462.5,15,73,-525.0,1462.5,1,0.1245,HELDOUT,1446.7592263658744,1325.4609606251256,150.0,True
96,2025-06-17,c,6030.0,6070.0,862.5,15,390,862.5,862.5,1,0.1245,HELDOUT,811.1960890303932,862.5,187.5,True
97,2025-06-20,c,6035.0,6075.0,1837.5,15,391,1837.5,1837.5,1,0.2232,HELDOUT,1801.0747398315793,1837.5,1762.5,True
98,2025-06-24,p,6040.0,6000.0,1012.5,15,394,1012.5,1012.5,1,0.1343,HELDOUT,988.1789262327276,1012.5,412.5,True
99,2025-06-25,c,6120.0,6160.0,1312.5,15,391,1312.5,1312.5,1,0.113,HELDOUT,845.4029824343074,1312.5,-37.49999999999977,True
100,2025-06-26,p,6085.0,6045.0,1012.5,15,390,1012.5,1012.5,1,0.09939999999999999,HELDOUT,1012.3112358855008,1012.5,637.5,True
101,2025-06-27,p,6135.0,6095.0,1162.5,15,255,-2.2737367544323206e-13,1162.5,1,0.1067,HELDOUT,1162.3741873675774,1158.4833961884947,862.5,True
102,2025-06-30,c,6215.0,6255.0,1687.5000000000002,15,121,-299.9999999999993,1687.5000000000002,1,0.1215,HELDOUT,1670.0153507722457,1319.2924927881984,1087.5000000000002,True
103,2025-07-01,c,6210.0,6250.0,1237.5,15,113,-1425.0,1237.5,1,0.1001,HELDOUT,-275.85589903653477,-275.85589903653477,-1650.0000000000005,True
104,2025-07-01,p,6180.0,6140.0,1012.5,15,330,-75.0,1012.5,1,0.1001,HELDOUT,1012.4560517599375,995.659217735274,562.5,True
105,2025-07-02,p,6165.0,6125.0,1387.5,15,391,1387.5,1387.5,1,0.09300000000000001,HELDOUT,1351.6346978349518,1387.5,112.50000000000023,True
106,2025-07-07,c,6280.0,6320.0,862.5000000000001,15,390,862.5000000000001,862.5000000000001,1,0.1425,HELDOUT,853.2502283108414,862.5000000000001,487.5000000000001,True
107,2025-07-08,c,6250.0,6290.0,1387.5,15,136,-900.0,1387.5,1,0.111,HELDOUT,979.8417828576214,463.06605266625684,-37.50000000000023,True
108,2025-07-09,c,6270.0,6310.0,787.4999999999999,15,220,-75.0,787.4999999999999,1,0.0992,HELDOUT,686.1042346761467,720.0389138975974,-150.0000000000001,True
109,2025-07-10,p,6235.0,6195.0,1312.5,15,392,1312.5,1312.5,1,0.0931,HELDOUT,1273.7979842331256,1312.5,112.5,True
110,2025-07-11,p,6225.0,6185.0,1837.5,15,105,-2325.0,1837.5,1,0.09390000000000001,HELDOUT,1837.1682452055563,1659.9109260457135,1200.0,True
111,2025-07-14,p,6230.0,6190.0,1237.4999999999998,15,390,1237.4999999999998,1237.4999999999998,1,0.11539999999999999,HELDOUT,1236.8817873619255,1237.4999999999998,974.9999999999998,True
112,2025-07-15,c,6305.0,6345.0,1387.5,15,393,1387.5,1387.5,1,0.12119999999999999,HELDOUT,990.5727587778956,1387.5,187.5,True
113,2025-07-16,c,6265.0,6305.0,1012.5,15,201,-674.9999999999998,1012.5,1,0.1161,HELDOUT,776.6764167351573,437.99142422943464,37.50000000000023,True
114,2025-07-17,p,6250.0,6210.0,1237.5,15,394,1237.5,1237.5,1,0.1066,HELDOUT,1221.2417437926356,1237.5,637.5,True
115,2025-07-18,c,6330.0,6370.0,1162.5,15,390,1162.5,1162.5,1,0.10769999999999999,HELDOUT,1148.1725170172197,1162.5,937.5,True
116,2025-07-21,p,6295.0,6255.0,1312.5,15,318,825.0,1312.5,1,0.09630000000000001,HELDOUT,1296.9026888883277,1312.4831588761842,787.5,True
117,2025-07-23,p,6315.0,6275.0,862.5,15,395,862.5,862.5,1,0.08460000000000001,HELDOUT,849.2104054244865,862.5,150.0000000000001,True
118,2025-07-24,p,6345.0,6305.0,1387.5,15,162,-450.0000000000002,1387.5,1,0.10060000000000001,HELDOUT,1387.2691981688151,1189.3479284345956,1162.5,True
119,2025-07-25,p,6345.0,6305.0,787.5000000000001,15,392,787.5000000000001,787.5000000000001,1,0.099,HELDOUT,787.2132220494466,787.5000000000001,487.50000000000017,True
120,2025-07-28,c,6410.0,6450.0,937.5,15,122,-450.0,937.5,1,0.0892,HELDOUT,931.631521319194,328.4390110932369,,False
121,2025-07-29,c,6410.0,6450.0,787.4999999999999,15,392,787.4999999999999,787.4999999999999,1,0.0793,HELDOUT,427.75602319184316,787.4999999999999,-187.5000000000001,True
122,2025-07-31,c,6395.0,6435.0,2812.5,15,392,2812.5,2812.5,1,0.1441,HELDOUT,2772.0886698800473,2812.5,450.0,True
123,2025-08-05,c,6360.0,6400.0,1237.5,15,394,1237.5,1237.5,1,0.11289999999999999,HELDOUT,703.3155618043374,1237.5,-262.5,True
124,2025-08-06,p,6275.0,6235.0,1687.4999999999998,15,392,1687.4999999999998,1687.4999999999998,1,0.1207,HELDOUT,1475.0249431793948,1687.4999999999998,-1050.0000000000002,True
125,2025-08-07,c,6405.0,6445.0,1387.5,15,390,1387.5,1387.5,1,0.10830000000000001,HELDOUT,1314.1036211094736,1387.5,150.0,True
126,2025-08-08,p,6340.0,6300.0,1237.5000000000002,15,129,-1499.9999999999998,1237.5000000000002,1,0.1243,HELDOUT,1237.077238399648,640.2965902286946,937.5000000000002,True
127,2025-08-11,c,6405.0,6445.0,412.50000000000006,15,257,-299.99999999999994,412.50000000000006,1,0.10339999999999999,HELDOUT,411.6060047014755,164.2723510033956,262.5000000000001,True
128,2025-08-12,p,6385.0,6345.0,862.5000000000001,15,393,862.5000000000001,862.5000000000001,1,0.1483,HELDOUT,862.4433054689616,862.5000000000001,787.5000000000001,True
129,2025-08-13,c,6485.0,6525.0,787.4999999999999,15,352,599.9999999999999,787.4999999999999,1,0.0928,HELDOUT,691.298126668152,787.492217169234,,False
130,2025-08-14,p,6425.0,6385.0,1237.5,15,100,-375.0,1237.5,1,0.0947,HELDOUT,1216.8131282356437,1189.3368009031872,-37.50000000000023,True
131,2025-08-18,c,6460.0,6500.0,487.5,15,210,-300.0,487.5,1,0.11259999999999999,HELDOUT,-460.82300876287013,-460.82300876287013,-112.5,True
132,2025-08-19,p,6425.0,6385.0,1387.5,15,57,-299.9999999999998,-18412.499999999727,0,0.0789,HELDOUT,890.9210885055411,1252.4670308678576,-1050.0,True
133,2025-08-19,c,6455.0,6495.0,1012.5,15,393,1012.5,1012.5,1,0.0789,HELDOUT,907.0139596272568,1012.5,-262.5,True
134,2025-08-21,p,6335.0,6295.0,2212.5,15,103,-750.0000000000005,2212.5,1,0.10800000000000001,HELDOUT,2195.452821952551,2093.359226735849,37.5,True
135,2025-08-21,c,6385.0,6425.0,1312.5,15,245,-1049.9999999999995,1312.5,1,0.10800000000000001,HELDOUT,1244.2056164740115,1028.844376942532,-112.5,True
136,2025-08-22,p,6425.0,6385.0,1687.4999999999998,15,392,1687.4999999999998,1687.4999999999998,1,0.18059999999999998,HELDOUT,1687.1910209976886,1687.4999999999998,,False
137,2025-08-25,p,6440.0,6400.0,1012.5,15,214,75.0,187.49999999972715,0,0.0924,HELDOUT,1005.0273501213799,781.5674981058951,,False
138,2025-08-26,p,6415.0,6375.0,1237.4999999999998,15,262,674.9999999999998,1237.4999999999998,1,0.081,HELDOUT,1237.188742674405,1236.6713594685034,937.4999999999998,True
139,2025-08-27,p,6440.0,6400.0,1162.5,15,177,-75.0,1162.5,1,0.0757,HELDOUT,1153.9529129004304,1159.2656499931047,337.5000000000001,True
140,2025-09-03,c,6450.0,6490.0,787.5000000000001,15,206,-524.9999999999999,787.5000000000001,1,0.1166,HELDOUT,40.96174444337737,40.96174444337737,-262.4999999999999,True
141,2025-09-04,c,6480.0,6520.0,1162.5,15,55,-1050.0,-31087.5,0,0.09910000000000001,HELDOUT,937.9168105410338,-466.26286978895246,112.5,True
142,2025-09-04,p,6435.0,6395.0,1612.5000000000002,15,390,1612.5000000000002,1612.5000000000002,1,0.09910000000000001,HELDOUT,1355.5931544139207,1612.5000000000002,-300.0,True
143,2025-09-05,c,6505.0,6545.0,1762.5000000000002,15,392,1762.5000000000002,1762.5000000000002,1,0.1353,HELDOUT,1427.0692841336027,1762.5000000000002,-562.4999999999993,True
144,2025-09-08,p,6475.0,6435.0,1162.5,15,137,-1050.0000000000005,1162.5,1,0.0978,HELDOUT,1148.1821707963554,865.087564576155,525.0,True
145,2025-09-08,c,6505.0,6545.0,562.5,15,285,-299.9999999999999,562.5,1,0.0978,HELDOUT,547.322842204764,246.7841812642548,,False
146,2025-09-09,c,6515.0,6555.0,937.5,15,108,-375.0,937.5,1,0.0837,HELDOUT,630.459743065157,485.48002465861106,-75.0,True
147,2025-09-09,p,6485.0,6445.0,787.5000000000001,15,241,-224.9999999999999,787.5000000000001,1,0.0837,HELDOUT,771.1308477626932,741.7493279341957,187.5000000000001,True
148,2025-09-10,p,6515.0,6475.0,1387.5,15,107,-1500.0,1387.5,1,0.0892,HELDOUT,1339.72761968419,1126.7592833895862,-37.49999999999977,True
149,2025-09-10,c,6555.0,6595.0,787.5000000000001,15,201,-374.9999999999999,787.5000000000001,1,0.0892,HELDOUT,512.3695825515254,512.3695825515254,-37.5,True
150,2025-09-11,p,6525.0,6485.0,1762.5,15,392,1762.5,1762.5,1,0.1258,HELDOUT,1725.5205967655284,1762.5,825.0,True
151,2025-09-12,p,6565.0,6525.0,862.5,15,120,-1350.0000000000005,862.5,1,0.0965,HELDOUT,861.9408484215267,49.205562527427674,712.5,True
152,2025-09-15,p,6580.0,6540.0,562.4999999999999,15,97,-225.0000000000001,562.4999999999999,1,0.10369999999999999,HELDOUT,562.3450103345476,470.9364897118414,262.4999999999999,True
153,2025-09-16,c,6630.0,6670.0,937.5,15,211,375.0,937.5,1,0.0889,HELDOUT,934.3210553676977,727.282974622361,,False
154,2025-09-18,p,6595.0,6555.0,2062.5,15,143,374.9999999999998,2062.5,1,0.14150000000000001,HELDOUT,1766.4226109840067,1696.9606304651284,862.5000000000002,True
155,2025-09-19,c,6660.0,6700.0,1462.4999999999998,15,142,149.99999999999977,-2797.5000000002183,0,0.1426,HELDOUT,-2797.5000000002183,-892.3693772369863,-2797.5000000002183,True
156,2025-09-22,p,6635.0,6595.0,1087.5,15,392,1087.5,1087.5,1,0.11,HELDOUT,1087.329516082886,1087.5,937.5,True
157,2025-09-23,c,6715.0,6755.0,937.5,15,392,937.5,937.5,1,0.08900000000000001,HELDOUT,916.4249323879384,937.5,,False
158,2025-09-24,c,6645.0,6685.0,1087.5,15,393,1087.5,1087.5,1,0.0975,HELDOUT,946.9831865417573,1087.4933343382827,37.5,True
159,2025-09-25,p,6565.0,6525.0,1837.5,15,233,-450.0,1837.5,1,0.0935,HELDOUT,1829.458224594737,1832.8576972327814,262.5,True
160,2025-09-26,c,6650.0,6690.0,1837.5,15,171,225.0,1837.5,1,0.11539999999999999,HELDOUT,1491.734776806812,1378.9807282567042,-2.2737367544323206e-13,True
161,2025-09-30,p,6625.0,6585.0,1312.5000000000002,15,222,-1349.9999999999998,1312.5000000000002,1,0.0993,HELDOUT,1292.5494657519582,1173.219020717035,-74.99999999999977,True
162,2025-10-01,p,6640.0,6600.0,1462.5,15,390,1462.5,1462.5,1,0.1079,HELDOUT,1448.4640607470612,1462.5,750.0,True
163,2025-10-02,c,6740.0,6780.0,1387.5,15,253,900.0,1387.5,1,0.1026,HELDOUT,634.5601594487919,1345.5121730653918,-187.49999999999977,True
164,2025-10-03,p,6710.0,6670.0,1312.4999999999998,15,213,-75.00000000000045,1312.4999999999998,1,0.1057,HELDOUT,1302.4277391424605,766.2941395152396,,False
165,2025-10-03,c,6745.0,6785.0,562.5,15,292,-600.0,562.5,1,0.1057,HELDOUT,559.6973261966118,513.8100004070559,,False
166,2025-10-06,p,6715.0,6675.0,1162.5,15,390,1162.5,1162.5,1,0.11349999999999999,HELDOUT,1161.8261980411453,1162.5,,False
167,2025-10-07,c,6765.0,6805.0,1012.5,15,390,1012.5,1012.5,1,0.08650000000000001,HELDOUT,887.2381918560792,1012.5,187.4999999999999,True
168,2025-10-08,p,6695.0,6655.0,1387.5,15,390,1387.5,1387.5,1,0.1075,HELDOUT,1386.7754974183108,1387.5,1012.5,True
169,2025-10-09,c,6765.0,6805.0,937.5,15,390,937.5,937.5,1,0.0971,HELDOUT,384.60311458234617,937.5,112.49999999999989,True
170,2025-10-10,c,6705.0,6745.0,1537.4999999999998,15,394,1537.4999999999998,1537.4999999999998,1,0.1133,HELDOUT,1537.380237010746,1537.4999999999998,-150.00000000000023,True
171,2025-10-15,p,6650.0,6610.0,1612.5000000000002,15,103,-524.9999999999998,1612.5000000000002,1,0.1723,HELDOUT,1308.104232015847,1335.3501257863884,-1012.4999999999989,True
172,2025-10-15,c,6710.0,6750.0,1312.5,15,391,1312.5,1312.5,1,0.1723,HELDOUT,982.0171888360101,1312.5,-37.49999999999977,True
173,2025-10-16,c,6720.0,6760.0,2662.5,15,391,2662.5,2662.5,1,0.16570000000000001,HELDOUT,2300.3317086186594,2662.5,300.0,True
174,2025-10-17,p,6570.0,6530.0,2287.4999999999995,15,390,2287.4999999999995,2287.4999999999995,1,0.21660000000000001,HELDOUT,2287.387098581338,2287.4999999999995,1799.9999999999995,True
175,2025-10-20,p,6690.0,6650.0,1087.5000000000002,15,390,1087.5000000000002,1087.5000000000002,1,0.18420000000000003,HELDOUT,1087.4244678416826,1087.5000000000002,1087.5000000000002,True
176,2025-10-22,c,6745.0,6785.0,2062.5,15,394,2062.5,2062.5,1,0.10550000000000001,HELDOUT,1805.7459070959517,2062.5,-300.0,True
177,2025-10-24,p,6760.0,6720.0,1312.5,15,135,-750.0,1312.5,1,0.1362,HELDOUT,1312.4908170514916,1002.8213064118884,1162.5,True
178,2025-10-27,p,6815.0,6775.0,1387.5,15,53,-1125.0,1387.5,1,0.147,HELDOUT,1387.4780896400096,-175.89997962955294,1237.5,True
179,2025-11-05,p,6755.0,6715.0,2287.5,15,388,2175.0,2287.5,1,0.1477,HELDOUT,1753.7282641503057,2287.5,-562.5,True
180,2025-11-06,c,6760.0,6800.0,2962.5,15,246,-2700.0,2962.5,1,0.1208,HELDOUT,2885.3674146499484,2638.5491756403703,-149.99999999999955,True
181,2025-11-07,c,6715.0,6755.0,3112.5,15,225,1875.0,-17917.500000000655,0,0.1613,HELDOUT,3086.373335402186,3076.416237696413,1387.4999999999998,True
182,2025-11-10,c,6815.0,6855.0,1237.5000000000002,15,149,-1049.9999999999998,-23992.499999999563,0,0.1649,HELDOUT,-23992.499999999563,-1104.635599672685,-23992.499999999563,True
183,2025-11-10,p,6815.0,6775.0,712.5,15,395,712.5,712.5,1,0.1649,HELDOUT,712.4716022683788,712.4999630013151,712.5,True
184,2025-11-11,c,6850.0,6890.0,937.5,15,112,-600.0,937.5,1,0.1168,HELDOUT,180.0256118516187,152.5671049894978,-262.5,True
185,2025-11-11,p,6800.0,6760.0,1162.5,15,392,1162.5,1162.5,1,0.1168,HELDOUT,1155.698104734646,1162.5,637.5,True
186,2025-11-13,c,6830.0,6870.0,1537.4999999999998,15,393,1537.4999999999998,1537.4999999999998,1,0.1161,HELDOUT,1534.6975817955695,1537.4999999999998,-412.5000000000002,True
187,2025-11-14,p,6635.0,6595.0,2812.5,15,390,2812.5,2812.5,1,0.18230000000000002,HELDOUT,2811.022536985895,2812.5,1650.0,True
188,2025-11-18,c,6675.0,6715.0,3262.5000000000005,15,116,-2399.9999999999995,3262.5000000000005,1,0.19010000000000002,HELDOUT,3195.17973230052,2614.113187972882,-449.9999999999991,True
189,2025-11-21,c,6620.0,6660.0,3862.5,15,119,-4125.000000000002,3862.5,1,0.2872,HELDOUT,-657.532890221557,-657.532890221557,-5250.000000000002,True
190,2025-11-21,p,6540.0,6500.0,1987.5,15,392,1987.5,1987.5,1,0.2872,HELDOUT,1987.2837290377222,1987.5,1462.5,True
191,2025-11-24,p,6610.0,6570.0,2362.5,15,393,2362.5,2362.5,1,0.2249,HELDOUT,2362.311069098303,2362.5,2062.5,True
192,2025-11-25,p,6655.0,6615.0,1687.4999999999998,15,394,1687.4999999999998,1687.4999999999998,1,0.14529999999999998,HELDOUT,1687.3747721146804,1687.4999999999998,1237.4999999999998,True
193,2025-11-26,p,6780.0,6740.0,1087.5,15,390,1087.5,1087.5,1,0.1143,HELDOUT,1087.287818854359,1087.5,562.5,True
